fold,f1,auc_pr,auc_roc,sensitivity,specificity
1,0.7226173541963016,0.9331390246836404,0.93302464,0.7277936962750716,0.9311768754301445
2,0.7428571428571429,0.9426776336677204,0.94255835,0.7077363896848138,0.9525120440467997
3,0.726507713884993,0.9244654147623671,0.92443675,0.7421203438395415,0.9276859504132231
4,0.7362482369534555,0.9380658631114478,0.9380373,0.7478510028653295,0.9318181818181818
5,0.7082294264339152,0.9231511520519075,0.92305243,0.8137535816618912,0.8836088154269972
