Test set size,IoU,Dice,Recall
660,0.8868711444495082,0.9366996777754619,0.9397971711763915
